"","Inappropriate_Prescribing_Days","Appropriate_Prescribing_Days","LOS","beddays","BSIdays"
"Current",43203.8918403413,4608992.60069713,18.9117226806025,4659753.90988706,7557.4173493745
"iFAST",18571.4983029375,4632734.946362,18.9080983814171,4658860.90068926,7554.45602383251
"Percentage_Decrease",57.0142931299618,-0.515130913017273,0.0191642995547596,0.0191642995547596,0.0391843589561347
"total decrease",24632.3935374038,-23742.34566487,0.00362429918547846,893.009197806008,2.96132554199176
